"Time.line","PH","EC","N","P","k","Total","Crop_Type"
"2014-2015",7.86,0.931,168,17,32,226,"Grape"
"2014-2015",7.71,0.694,100.1,19.9,43.6,172,"Ground Nut"
"2014-2015",7.83,1.09,100.1,19.9,43.6,173,"Ground Nut"
"2014-2015",8.11,1.14,82,17,102,210,"Sugar Cane"
"2014-2015",7.53,1.02,100.1,19.9,43.6,172,"Ground Nut"
"2014-2015",8.11,1.14,82,17,1.2,109,"Ground Nut"
"2014-2015",7.3,1.02,100.1,19.9,43.6,172,"Ground Nut"
"2014-2015",7.53,1.02,100.1,19.9,43.6,172,"Ground Nut"
"2014-2015",8.06,1.04,83,16,94,202,"Sugar Cane"
"2014-2015",7.92,1.01,100.1,19.9,43.6,173,"Ground Nut"
"2014-2015",8.39,6,100.1,19.9,43.6,178,"Ground Nut"
"2014-2015",8.12,1.4,81,17,102,210,"Sugar Cane"
"2014-2015",8.01,1.8,100.1,19.9,43.6,173,"Ground Nut"
"2014-2015",8.14,1.12,93,17,112,231,"Grape"
"2014-2015",8.11,1.03,99,17,112,237,"Onion"
"2014-2015",7.69,0.591,100.1,19.9,43.6,172,"Ground Nut"
"2014-2015",8.11,1.1,83,17,115,224,"Grape"
"2014-2015",8,1.03,100.1,19.9,43.6,173,"Ground Nut"
"2014-2015",8.09,1.06,88,17,110,224,"Grape"
"2014-2015",7.72,0.831,131,17,38,195,"Ground Nut"
"2014-2015",8.11,1.43,100.1,19.9,43.6,173,"Ground Nut"
"2014-2015",7.69,0.938,142,17,36,204,"Sugar Cane"
"2014-2015",8.06,1.03,100.1,19.9,43.6,173,"Ground Nut"
"2014-2015",8.23,1.29,75,15,96,196,"Ground Nut"
"2014-2015",8.12,1.08,88,17,110,224,"Grape"
"2014-2015",7.92,0.964,100.1,19.9,43.6,172,"Ground Nut"
"2014-2015",7.8,0.692,100.1,19.9,43.6,172,"Ground Nut"
"2014-2015",8.15,1.12,79,16,115,219,"Grape"
"2014-2015",7.92,1.03,100.1,19.9,43.6,173,"Ground Nut"
"2014-2015",7.83,952,84,17,39,1100,"Turmeric"
"2014-2015",7.92,0.895,100.1,19.9,43.6,172,"Ground Nut"
"2014-2015",8.5,1.3,100.1,19.9,43.6,173,"Ground Nut"
"2014-2015",8.1,1,8,17,82,116,"Ground Nut"
"2014-2015",7.58,0.396,150,16,22,196,"Ground Nut"
"2014-2015",7.68,0.924,100.1,19.9,43.6,172,"Ground Nut"
"2014-2015",7.6,0.401,152,16,23,199,"Ground Nut"
"2014-2015",9.16,1.09,188,17,96,311,"Turmeric"
"2014-2015",7.81,0.831,100.1,19.9,43.6,172,"Ground Nut"
"2014-2015",8.05,7.2,161,17,96,289,"Turmeric"
"2014-2015",7.81,0.831,100.1,19.9,43.6,172,"Ground Nut"
"2014-2015",8.1,1.21,100.1,19.9,43.6,173,"Ground Nut"
"2014-2015",8.18,1.3,1725,18,105,1857,"Turmeric"
"2014-2015",7.14,0.9,164,15,20,207,"Sugar Cane"
"2014-2015",7.85,0.924,100.1,19.9,43.6,172,"Ground Nut"
"2014-2015",7.91,1.01,100.1,19.9,43.6,173,"Ground Nut"
"2014-2015",8.02,1.08,172,18,99,298,"Turmeric"
"2014-2015",8.01,0.969,100.1,19.9,43.6,173,"Ground Nut"
"2014-2015",7.99,1.03,158,17,96,280,"Turmeric"
"2014-2015",8.12,1.13,164,16,124,313,"Turmeric"
"2014-2015",7.75,0.933,152,15,32,208,"Sugar Cane"
"2014-2015",7.94,1.01,100.1,19.9,43.6,173,"Ground Nut"
"2014-2015",7.69,0.831,152,15,32,208,"Sugar Cane"
"2014-2015",7.92,0.969,100.1,19.9,43.6,172,"Ground Nut"
"2014-2015",7.72,0.932,141,16,37,203,"Sugar Cane"
"2014-2015",7.78,0.831,172,16,29,226,"Grape"
"2014-2015",7.68,921,171,16,36,1152,"Turmeric"
"2014-2015",7.1,0.941,155,17,34,214,"Sugar Cane"
"2014-2015",7.99,1.01,150,15,38,212,"Sugar Cane"
"2014-2015",8.02,1.03,100.1,19.9,43.6,173,"Ground Nut"
"2014-2015",8.6,1.03,100.1,19.9,43.6,173,"Ground Nut"
"2014-2015",7.83,0.831,156,15,92,272,"Turmeric"
"2014-2015",7.71,0.952,100.1,19.9,43.6,172,"Ground Nut"
"2014-2015",7.72,0.961,149,16,30,204,"Sugar Cane"
"2014-2015",8.03,1.1,100.1,19.9,43.6,173,"Ground Nut"
"2014-2015",7.8,0.99,152,17,32,210,"Sugar Cane"
"2014-2015",8.05,1.08,100.1,19.9,43.6,173,"Ground Nut"
"2014-2015",8.1,1.09,168,16,92,285,"Turmeric"
"2014-2015",8.11,1.08,100.1,19.9,43.6,173,"Ground Nut"
"2014-2015",7.96,1.05,158,16,38,221,"Grape"
"2014-2015",8.11,1.08,100.1,19.9,43.6,173,"Ground Nut"
"2014-2015",8.08,1.06,100.1,19.9,43.6,173,"Ground Nut"
"2014-2015",8.15,1.11,179,16,92,296,"Turmeric"
"2014-2015",8.12,1.08,164,17,88,278,"Turmeric"
"2014-2015",8.1,1.03,158,17,96,280,"Turmeric"
"2014-2015",7.96,1.02,100.1,19.9,43.6,173,"Ground Nut"
"2014-2015",8.13,1.08,159,16,92,276,"Turmeric"
"2014-2015",8.14,1.12,164,17,121,311,"Turmeric"
"2014-2015",8.11,1.1,100.1,19.9,43.6,173,"Ground Nut"
"2014-2015",7.92,1.04,100.1,19.9,43.6,173,"Ground Nut"
"2014-2015",7.74,0.961,159,16,29,213,"Sugar Cane"
"2014-2015",8.11,1.06,172,15,94,290,"Turmeric"
"2014-2015",7.98,1.01,100.1,19.9,43.6,173,"Ground Nut"
"2014-2015",7.7,0.794,160,17,32,217,"Grape"
"2014-2015",8.1,1.06,178,18,92,297,"Turmeric"
"2014-2015",7.62,0.532,171,16,20,215,"Grape"
"2014-2015",8.1,1.03,172,17,96,294,"Turmeric"
"2014-2015",7.81,0.931,100.1,19.9,43.6,172,"Ground Nut"
"2014-2015",8.1,1.06,169,18,78,274,"Turmeric"
"2014-2015",8.03,1.09,100.1,19.9,43.6,173,"Ground Nut"
"2014-2015",7.89,1.02,100.1,19.9,43.6,173,"Ground Nut"
"2014-2015",7.69,0.876,179,16,38,242,"Onion"
"2014-2015",7.71,0.871,182,16,33,240,"Onion"
"2014-2015",7.94,0.961,100.1,19.9,43.6,173,"Ground Nut"
"2014-2015",8.11,1.06,178,17,92,296,"Turmeric"
"2014-2015",7.91,0.964,100.1,19.9,43.6,172,"Ground Nut"
"2014-2015",7.08,0.831,158,16,42,224,"Grape"
"2014-2015",8.14,1.08,169,16,98,292,"Turmeric"
"2014-2015",8.1,1.09,158,16,102,285,"Turmeric"
"2014-2015",7.96,1.08,100.1,19.9,43.6,173,"Ground Nut"
"2014-2015",7.48,0.534,152,16,32,208,"Sugar Cane"
"2014-2015",8.13,1.08,159,16,97,281,"Turmeric"
"2014-2015",7.83,0.994,100.1,19.9,43.6,172,"Ground Nut"
"2014-2015",7.61,0.854,171,15,30,224,"Grape"
"2014-2015",7.94,0.968,100.1,19.9,43.6,173,"Ground Nut"
"2014-2015",8.09,1.08,169,17,79,274,"Turmeric"
"2014-2015",8.91,2.24,100.1,19.9,43.6,175,"Ground Nut"
"2014-2015",7.83,0.931,171,15,26,221,"Grape"
"2014-2015",7.69,0.952,100.1,19.9,43.6,172,"Ground Nut"
"2014-2015",7.81,0.942,158,16,38,221,"Grape"
"2014-2015",8.16,1.14,169,15,96,289,"Turmeric"
"2014-2015",8.39,1.84,100.1,19.9,43.6,174,"Ground Nut"
"2014-2015",7.91,1.03,100.1,19.9,43.6,173,"Ground Nut"
"2014-2015",7.99,1.03,100.1,19.9,43.6,173,"Ground Nut"
"2014-2015",7.83,0.896,171,16,39,235,"Grape"
"2014-2015",8.09,1.09,168,17,96,290,"Turmeric"
"2014-2015",7.91,1.03,100.1,19.9,43.6,173,"Ground Nut"
"2014-2015",7.96,1.08,100.1,19.9,43.6,173,"Ground Nut"
"2014-2015",8.09,1.03,162,17,104,292,"Turmeric"
"2014-2015",7.82,0.994,100.1,19.9,43.6,172,"Ground Nut"
"2014-2015",8.14,1.18,159,17,128,313,"Turmeric"
"2014-2015",8.06,1.02,100.1,19.9,43.6,173,"Ground Nut"
"2014-2015",8.02,1.03,100.1,19.9,43.6,173,"Ground Nut"
"2014-2015",8.11,1.12,172,16,105,302,"Turmeric"
"2014-2015",7.63,0.951,168,15,34,226,"Grape"
"2014-2015",7.79,0.836,152,18,38,217,"Grape"
"2014-2015",8.04,1.08,172,17,86,284,"Turmeric"
"2014-2015",7.99,1.03,100.1,19.9,43.6,173,"Ground Nut"
"2014-2015",7.75,0.831,164,15,31,219,"Grape"
"2014-2015",7.86,0.95,158,15,36,218,"Grape"
"2014-2015",8.06,1.11,100.1,19.9,43.6,173,"Ground Nut"
"2014-2015",8.14,1.11,169,15,96,289,"Turmeric"
"2014-2015",7.06,1.04,172,16,92,288,"Turmeric"
"2014-2015",7.99,1.08,100.1,19.9,43.6,173,"Ground Nut"
"2014-2015",8.11,1.13,159,17,90,275,"Turmeric"
"2014-2015",8.06,1.08,100.1,19.9,43.6,173,"Ground Nut"
"2014-2015",8.06,1.08,179,17,98,303,"Turmeric"
"2014-2015",8.11,1.14,169,17,96,291,"Turmeric"
"2014-2015",8.11,1.2,129,16,84,238,"Onion"
"2014-2015",8.11,1.2,129,16,84,238,"Onion"
"2014-2015",8.06,1.13,134,15,92,250,"Banana"
"2014-2015",8.06,1.13,134,15,92,250,"Banana"
"2014-2015",8.06,1.13,134,15,92,250,"Banana"
"2014-2015",8.03,1.08,176,16,94,295,"Turmeric"
"2014-2015",8.01,1.04,168,17,94,288,"Turmeric"
"2014-2015",8.03,1.08,172,16,94,291,"Turmeric"
"2014-2015",7.61,0.954,152,16,39,216,"Grape"
"2014-2015",8.11,1.31,100.1,19.9,43.6,173,"Ground Nut"
"2014-2015",8.13,1.26,100.1,19.9,43.6,173,"Ground Nut"
"2014-2015",8.1,1.29,100.1,19.9,43.6,173,"Ground Nut"
"2014-2015",8.16,1.18,159,15,92,275,"Turmeric"
"2014-2015",7.83,0.956,164,16,29,218,"Grape"
"2014-2015",8.29,1.58,150,17,86,263,"Turmeric"
"2014-2015",7.78,0.961,164,18,48,239,"Onion"
"2014-2015",7.81,1.03,100.1,19.9,43.6,172,"Ground Nut"
"2014-2015",7.72,0.835,152,17,32,210,"Sugar Cane"
"2014-2015",7.06,1.1,100.1,19.9,43.6,172,"Ground Nut"
"2014-2015",7.8,0.764,164,15,38,226,"Grape"
"2015-2016",7.86,0.836,151,16,38,214,"Sugar Cane"
"2015-2016",18.7002566666667,0.835,142,15,36,194,"Ground Nut"
"2015-2016",7.63,0.796,139,15,58,220,"Grape"
"2015-2016",8.11,1.14,158,16,96,279,"Turmeric"
"2015-2016",7.83,0.953,162,15,38,224,"Grape"
"2015-2016",7.75,0.695,158,14,34,214,"Sugar Cane"
"2015-2016",8.09,1.12,150,17,68,244,"Onion"
"2015-2016",8.13,1.12,181,17,75,282,"Turmeric"
"2015-2016",8.06,1.09,164,15,78,266,"Turmeric"
"2015-2016",7.69,0.952,152,15,38,214,"Sugar Cane"
"2015-2016",7.69,0.836,149,16,38,212,"Sugar Cane"
"2015-2016",7.86,0.952,171,15,28,223,"Grape"
"2015-2016",8.13,1.21,168,14,98,289,"Turmeric"
"2015-2016",7.95,1.03,168,15,78,270,"Turmeric"
"2015-2016",7.83,0.836,161,18,34.2,222,"Grape"
"2015-2016",7.72,0.952,159,17,39,224,"Grape"
"2015-2016",7.81,0.956,161,16,32,218,"Grape"
"2015-2016",7.75,0.981,152,13,22,196,"Ground Nut"
"2015-2016",7.86,0.831,178,16,72,275,"Turmeric"
"2015-2016",7.68,0.531,169,14,29,220,"Grape"
"2015-2016",7.71,0.531,169,15,41,233,"Grape"
"2015-2016",8.11,1.12,164,15,98,286,"Turmeric"
"2015-2016",7.98,1.06,171,16,81,277,"Turmeric"
"2015-2016",8.02,1.14,151,16,72,248,"Banana"
"2015-2016",7.9,1.05,169,16,78,272,"Turmeric"
"2015-2016",7.95,0.837,158,16,78,261,"Turmeric"
"2015-2016",7.71,0.263,161,15,38,222,"Grape"
"2015-2016",8.06,1.08,178,15,79,281,"Turmeric"
"2015-2016",8.1,1.11,164,15,122,310,"Turmeric"
"2015-2016",8.9,1.06,158,16,112,296,"Turmeric"
"2015-2016",7.95,0.914,100.1,19.9,43.6,172,"Ground Nut"
"2015-2016",7.88,0.952,151,15,41,216,"Grape"
"2015-2016",8.16,1.12,178,16,81,284,"Turmeric"
"2015-2016",7.7,0.934,15.4,14,68,106,"Ground Nut"
"2015-2016",8.06,1.08,161,17,98,285,"Turmeric"
"2015-2016",8.11,1.1,178,16,115,318,"Turmeric"
"2015-2016",7.65,0.958,160,17,36,222,"Grape"
"2015-2016",7.63,0.296,150,18,34,210,"Sugar Cane"
"2015-2016",7.69,0.531,158,14,41,221,"Grape"
"2015-2016",8.18,1.21,178,17,96,300,"Turmeric"
"2015-2016",7.66,0.581,159,14,40,221,"Grape"
"2015-2016",7.68,0.951,17.1,16,36,78,"Ground Nut"
"2015-2016",7.83,0.968,168,14,42,233,"Grape"
"2015-2016",7.71,0.811,164,14,38,225,"Grape"
"2015-2016",7.83,0.956,149,14,28,200,"Ground Nut"
"2015-2016",7.78,0.953,161,15,34,219,"Grape"
"2015-2016",8.01,1.08,171,14,69,263,"Turmeric"
"2015-2016",7.69,0.811,164,15,38,226,"Grape"
"2015-2016",7.63,0.914,159,14,38,220,"Grape"
"2015-2016",8.1,1.08,172,18,78,277,"Turmeric"
"2015-2016",8.06,1.1,183,18,84,294,"Turmeric"
"2015-2016",7.61,0.826,159,13,40,220,"Grape"
"2015-2016",7.99,1.08,155,14,79,257,"Turmeric"
"2015-2016",7.72,0.694,153,12,39,212,"Sugar Cane"
"2015-2016",8.11,1.39,100.1,19.9,43.6,173,"Ground Nut"
"2015-2016",7.53,0.941,163,13,41,225,"Grape"
"2015-2016",8.1,1.08,171,16,98,294,"Turmeric"
"2015-2016",7.83,0.811,172,16,114,311,"Turmeric"
"2015-2016",7.95,0.911,172,15,41,237,"Onion"
"2015-2016",7.78,0.694,158,16,39,221,"Grape"
"2015-2016",7.8,0.831,160,17,41,227,"Grape"
"2015-2016",7.83,0.596,100.1,19.9,43.6,172,"Ground Nut"
"2015-2016",8.1,1.08,166,14,121,310,"Turmeric"
"2015-2016",7.69,0.831,152,15,32,208,"Sugar Cane"
"2015-2016",8.03,1.08,100.1,19.9,43.6,173,"Ground Nut"
"2015-2016",8.11,1.12,178,17,102,306,"Turmeric"
"2015-2016",7.965,0.964,159,14,72,254,"Turmeric"
"2015-2016",8.14,1.16,175,16,94,294,"Turmeric"
"2015-2016",8.1,1.08,166,14,21,210,"Sugar Cane"
"2015-2016",7.96,1.01,168,15,94,286,"Turmeric"
"2015-2016",7.69,0.831,132,15,32,188,"Ground Nut"
"2015-2016",8.11,1.12,178,17,102,306,"Turmeric"
"2015-2016",7.59,0.239,164,12,28,212,"Sugar Cane"
"2015-2016",8.14,1.16,175,16,94,294,"Turmeric"
"2015-2016",8.1,1.08,168,14,121,312,"Turmeric"
"2015-2016",7.96,1.01,168,15,94,286,"Turmeric"
"2015-2016",7.59,0.239,164,12,28,212,"Sugar Cane"
"2015-2016",7.83,0.991,160,13,41,223,"Grape"
"2015-2016",7.71,0.596,100.1,19.9,43.6,172,"Ground Nut"
"2015-2016",8.14,1.16,175,16,94,294,"Turmeric"
"2015-2016",8.1,1.08,168,15,72,264,"Turmeric"
"2015-2016",7.71,0.664,153,12,38,211,"Sugar Cane"
"2015-2016",7.63,0.596,158,13,41,220,"Grape"
"2015-2016",7.95,0.952,164,14,39,226,"Grape"
"2015-2016",7.98,0.959,165,14,40,228,"Grape"
"2015-2016",7.64,0.415,168,13,20,209,"Sugar Cane"
"2015-2016",8.01,1.04,100.1,19.9,43.6,173,"Ground Nut"
"2015-2016",7.11,1.09,178,16,14,216,"Grape"
"2015-2016",7.83,0.954,164,15,61,249,"Banana"
"2015-2016",8.09,1.11,172,16,72,269,"Turmeric"
"2015-2016",8.11,1.09,169,16,69,263,"Turmeric"
"2015-2016",8.05,1.08,100.1,19.9,43.6,173,"Ground Nut"
"2015-2016",8.14,1.1,165,16,74,264,"Turmeric"
"2015-2016",7.99,1.04,171,16,68,264,"Turmeric"
"2015-2016",8.18,1.21,164,14,121,308,"Turmeric"
"2015-2016",7.99,0.964,152,12,28,201,"Sugar Cane"
"2015-2016",7.72,0.691,158,12,31,209,"Sugar Cane"
"2015-2016",8.16,1.15,171,14,64,258,"Turmeric"
"2015-2016",7.99,101,171,15,69,364,"Turmeric"
"2015-2016",8.11,0.964,100.1,19.9,43.6,173,"Ground Nut"
"2015-2016",8.19,1.2,100.1,19.9,43.6,173,"Ground Nut"
"2015-2016",7.87,1.04,161,14,38,222,"Grape"
"2015-2016",8.25,1.29,100.1,19.9,43.6,173,"Ground Nut"
"2015-2016",7.95,1.02,100.1,19.9,43.6,173,"Ground Nut"
"2015-2016",7.99,0.644,149,14,30,202,"Sugar Cane"
"2015-2016",7.7,0.987,100.1,19.9,43.6,172,"Ground Nut"
"2015-2016",7.98,1.09,178,14,69,270,"Turmeric"
"2015-2016",7.72,0.3396,100.1,19.9,43.6,172,"Ground Nut"
"2015-2016",7.71,0.361,152,12,30,202,"Sugar Cane"
"2015-2016",7.95,0.481,100.1,19.9,43.6,172,"Ground Nut"
"2015-2016",7.99,1.01,178,17,96,300,"Turmeric"
"2015-2016",8.08,1.04,172,18,144,343,"Turmeric"
"2015-2016",8.13,1.14,171,16,88,284,"Turmeric"
"2017-2018",7.72,0.691,158,12,31,209,"Sugar Cane"
"2017-2018",8.11,0.964,100.1,19.9,43.6,173,"Ground Nut"
"2017-2018",8.16,1.15,171,14,64,258,"Turmeric"
"2017-2018",8.13,1.08,100.1,19.9,43.6,173,"Ground Nut"
"2017-2018",8.1,1.09,168,15,72,264,"Turmeric"
"2017-2018",7.99,1.01,171,15,69,264,"Turmeric"
"2017-2018",8.19,1.2,100.1,19.9,43.6,173,"Ground Nut"
"2017-2018",7.89,1.04,161,14,38,222,"Grape"
"2017-2018",7.7,0.952,100.1,19.9,43.6,172,"Ground Nut"
"2017-2018",7.95,1.01,178,14,69,270,"Turmeric"
"2017-2018",7.72,0.952,100.1,19.9,43.6,172,"Ground Nut"
"2017-2018",7.98,1.094,168,13,48,238,"Onion"
"2017-2018",8.03,1.04,100.1,19.9,43.6,173,"Ground Nut"
"2017-2018",7.71,0.361,152,12,30,202,"Sugar Cane"
"2017-2018",7.95,0.481,100.1,19.9,43.6,172,"Ground Nut"
"2017-2018",7.99,1.01,178,17,96,300,"Turmeric"
"2017-2018",8.08,1.04,172,18,144,343,"Turmeric"
"2017-2018",8.11,7.2,100.1,19.9,43.6,179,"Ground Nut"
"2017-2018",1.15,7.2,100.1,19.9,43.6,172,"Ground Nut"
"2017-2018",8.13,1.14,171,16,88,284,"Turmeric"
"2017-2018",7.39,0.648,168,13,29,218,"Grape"
"2017-2018",7.64,0.541,171,14,34,227,"Grape"
"2017-2018",7.72,0.394,100.1,19.9,43.6,172,"Ground Nut"
"2017-2018",7.83,0.811,161,15,34,219,"Grape"
"2017-2018",7.83,1.01,100.1,19.9,43.6,172,"Ground Nut"
"2017-2018",7.84,0.911,164,15,38,226,"Grape"
"2017-2018",7.88,0.913,100.1,19.9,43.6,172,"Ground Nut"
"2017-2018",7.88,0.911,100.1,19.9,43.6,172,"Ground Nut"
"2017-2018",8.03,1.08,100.1,19.9,43.6,173,"Ground Nut"
"2017-2018",8.06,1.84,172,16,115,313,"Turmeric"
"2017-2018",8.2,1.25,100.1,19.9,43.6,173,"Ground Nut"
"2017-2018",8.06,1.8,178,15,104,307,"Turmeric"
"2017-2018",8.05,1.15,100.1,19.9,43.6,173,"Ground Nut"
"2017-2018",8.01,1.05,158,17,78,262,"Turmeric"
"2017-2018",8.06,1.08,100.1,19.9,43.6,173,"Ground Nut"
"2017-2018",8.19,1.56,100.1,19.9,43.6,173,"Ground Nut"
"2017-2018",8.06,1.12,100.1,19.9,43.6,173,"Ground Nut"
"2017-2018",7.74,0.833,133,17,36,195,"Ground Nut"
"2017-2018",7.95,0.691,100.1,19.9,43.6,172,"Ground Nut"
"2017-2018",2.06,1.8,100.1,19.9,43.6,167,"Ground Nut"
"2017-2018",7.63,0.831,142,15,26,191,"Ground Nut"
"2017-2018",7.72,0.396,100.1,19.9,43.6,172,"Ground Nut"
"2017-2018",7.04,1.06,100.1,19.9,43.6,172,"Ground Nut"
"2017-2018",7.04,1.06,100.1,19.9,43.6,172,"Ground Nut"
"2017-2018",7.95,1.04,168,19,37,233,"Grape"
"2017-2018",7.99,1.06,171,10,94,284,"Turmeric"
"2017-2018",7.8,0.691,275,17,175,475,"Turmeric"
"2017-2018",7.98,1.04,189,16,98,312,"Turmeric"
"2017-2018",8.06,1.08,103,17,42,171,"Ground Nut"
"2017-2018",7.31,1.04,100.1,19.9,43.6,172,"Ground Nut"
"2017-2018",7.99,1.08,169,15,96,289,"Turmeric"
"2017-2018",7.93,0.986,100.1,19.9,43.6,173,"Ground Nut"
"2017-2018",7.77,0.951,100.1,19.9,43.6,172,"Ground Nut"
"2017-2018",7.8,0.899,161,16,38,224,"Grape"
"2017-2018",7.33,0.396,100.1,19.9,43.6,171,"Ground Nut"
"2017-2018",7.72,0.836,146,15,36,206,"Sugar Cane"
"2017-2018",7.75,0.839,168,14,33,224,"Grape"
"2017-2018",7.93,0.952,100.1,19.9,43.6,172,"Ground Nut"
"2017-2018",7.95,1.01,168,17,94,288,"Turmeric"
"2017-2018",7.83,0.951,100.1,19.9,43.6,172,"Ground Nut"
"2017-2018",8.03,1.06,100.1,19.9,43.6,173,"Ground Nut"
"2017-2018",7.85,691,161,10,38,908,"Turmeric"
"2017-2018",8.13,0.11,178,18,96,300,"Turmeric"
"2017-2018",7.95,1.06,100.1,19.9,43.6,173,"Ground Nut"
"2017-2018",8.06,1.08,100.1,19.9,43.6,173,"Ground Nut"
"2017-2018",7.71,0.611,161,14,28,211,"Sugar Cane"
"2017-2018",7.83,0.954,100.1,19.9,43.6,172,"Ground Nut"
"2017-2018",7.84,0.911,138,13,21,181,"Ground Nut"
"2017-2018",8.06,1.08,168,17,98,292,"Turmeric"
"2017-2018",7.72,0.396,100.1,19.9,43.6,172,"Ground Nut"
"2017-2018",7.64,0.814,158,17,48,231,"Grape"
"2017-2018",7.91,1.01,100.1,19.9,43.6,173,"Ground Nut"
"2017-2018",7.72,0.931,165,15,38,227,"Grape"
"2017-2018",8.04,1.08,178,17,90,294,"Turmeric"
"2017-2018",7.95,0.98,100.1,19.9,43.6,173,"Ground Nut"
"2017-2018",7.64,0.596,164,15,36,223,"Grape"
"2017-2018",7.8,0.911,100.1,19.9,43.6,172,"Ground Nut"
"2017-2018",7.72,0.648,168,15,38,229,"Grape"
"2017-2018",7.81,0.914,100.1,19.9,43.6,172,"Ground Nut"
"2017-2018",7.99,1.06,158,14,68,249,"Banana"
"2017-2018",8.04,1.08,100.1,19.9,43.6,173,"Ground Nut"
"2017-2018",8.21,1.71,150,15,61,236,"Onion"
"2017-2018",6.95,1.74,100.1,19.9,43.6,172,"Ground Nut"
"2017-2018",7.64,0.596,158,16,31,213,"Sugar Cane"
"2017-2018",7.99,1.01,100.1,19.9,43.6,173,"Ground Nut"
"2017-2018",7.81,0.956,148,17,36,210,"Sugar Cane"
"2017-2018",8.03,1.03,100.1,19.9,43.6,173,"Ground Nut"
"2017-2018",7.53,0.296,138,12,24,182,"Ground Nut"
"2017-2018",8.06,1.08,100.1,19.9,43.6,173,"Ground Nut"
"2017-2018",8.15,1.18,163,17,91,280,"Turmeric"
"2017-2018",8.01,1.03,100.1,19.9,43.6,173,"Ground Nut"
"2017-2018",6.71,2.9,100.1,19.9,43.6,173,"Ground Nut"
"2017-2018",7.83,0.956,138,14,31,192,"Ground Nut"
"2017-2018",8.01,1.06,100.1,19.9,43.6,173,"Ground Nut"
"2017-2018",8.11,1,172,10,84,275,"Turmeric"
"2017-2018",8.29,2.08,100.1,19.9,43.6,174,"Ground Nut"
"2017-2018",8.03,1.04,159,14,41,223,"Grape"
"2017-2018",7.82,0.952,100.1,19.9,43.6,172,"Ground Nut"
"2017-2018",8.1,1.09,163,15,78,265,"Turmeric"
"2017-2018",8.14,1.24,100.1,19.9,43.6,173,"Ground Nut"
"2017-2018",7.95,0.956,100.1,19.9,43.6,173,"Ground Nut"
"2017-2018",8.07,1.18,100.1,19.9,43.6,173,"Ground Nut"
"2017-2018",8.06,1.08,168,14,83,274,"Turmeric"
"2017-2018",7.94,1.03,169,15,99,292,"Turmeric"
"2017-2018",8.07,1.01,100.1,19.9,43.6,173,"Ground Nut"
"2017-2018",8,1.16,100.1,19.9,43.6,173,"Ground Nut"
"2017-2018",7.94,1.03,169,15,99,292,"Turmeric"
"2017-2018",8.11,1.16,100.1,19.9,43.6,173,"Ground Nut"
"2017-2018",8.1,1.12,178,16,95,298,"Turmeric"
"2017-2018",7.59,0.796,144,10,42,204,"Sugar Cane"
"2017-2018",7.03,0.914,100.1,19.9,43.6,172,"Ground Nut"
"2017-2018",8.39,4.28,100.1,19.9,43.6,176,"Ground Nut"
"2017-2018",7.95,1.01,169,18,97,293,"Turmeric"
"2017-2018",8.01,1.06,100.1,19.9,43.6,173,"Ground Nut"
"2017-2018",7.69,0.496,142,13,28,191,"Ground Nut"
"2017-2018",8.15,1.25,100.1,19.9,43.6,173,"Ground Nut"
"2017-2018",8.03,1.04,175,16,97,297,"Turmeric"
"2017-2018",8.03,1.04,175,16,97,297,"Turmeric"
"2017-2018",7.81,0.725,100.1,19.9,43.6,172,"Ground Nut"
"2017-2018",8.03,1.04,175,10,97,291,"Turmeric"
"2017-2018",8.1,1.04,152,16,74,251,"Turmeric"
"2017-2018",7.88,0.795,100.1,19.9,43.6,172,"Ground Nut"
"2017-2018",8.11,1.09,161,16,81,267,"Turmeric"
"2017-2018",7.95,0.991,100.1,19.9,43.6,173,"Ground Nut"
"2017-2018",7.84,0.996,168,17,99,293,"Turmeric"
"2017-2018",8.14,1.18,159,16,93,277,"Turmeric"
"2017-2018",7.83,0.811,100.1,19.9,43.6,172,"Ground Nut"
"2017-2018",7.81,0.728,153,14,32,208,"Sugar Cane"
"2017-2018",7.71,0.684,100.1,19.9,43.6,172,"Ground Nut"
"2017-2018",7.81,0.896,164,15,54,242,"Onion"
"2017-2018",8.6,1.09,100.1,19.9,43.6,173,"Ground Nut"
"2017-2018",8.01,1.06,100.1,19.9,43.6,173,"Ground Nut"
"2017-2018",7.83,0.952,100.1,19.9,43.6,172,"Ground Nut"
"2017-2018",7.88,0.954,169,15,42,235,"Grape"
"2017-2018",8.08,1.04,100.1,19.9,43.6,173,"Ground Nut"
"2017-2018",8.04,1.08,100.1,19.9,43.6,173,"Ground Nut"
"2017-2018",7.95,0.998,158,16,78,261,"Turmeric"
"2017-2018",8.06,1.09,161,16,84,270,"Turmeric"
"2017-2018",7.99,1.01,100.1,19.9,43.6,173,"Ground Nut"
"2017-2018",8.13,1.08,161,17,94,281,"Turmeric"
"2017-2018",8.01,1.09,158,14,68,249,"Banana"
"2017-2018",8.1,1.08,100.1,19.9,43.6,173,"Ground Nut"
"2017-2018",8.1,1.08,100.1,19.9,43.6,173,"Ground Nut"
"2017-2018",7.7,898,148,17,41,1112,"Turmeric"
"2017-2018",8.01,1.03,100.1,19.9,43.6,173,"Ground Nut"
"2017-2018",7.83,0.951,149,15,41,214,"Sugar Cane"
"2017-2018",8.04,1.09,100.1,19.9,43.6,173,"Ground Nut"
"2017-2018",7.57,0.811,146,15,39,208,"Sugar Cane"
"2017-2018",7.95,0.918,100.1,19.9,43.6,172,"Ground Nut"
"2017-2018",7.65,0.94,159,14,72,254,"Turmeric"
"2017-2018",7.95,0.984,100.1,19.9,43.6,173,"Ground Nut"
"2017-2018",7.83,0.952,171,16,39,235,"Grape"
"2017-2018",7.91,0.988,100.1,19.9,43.6,172,"Ground Nut"
"2017-2018",8.59,7.61,100.1,19.9,43.6,180,"Ground Nut"
"2017-2018",7.86,0.954,153,14,38,214,"Sugar Cane"
"2017-2018",7.61,0.341,100.1,19.9,43.6,172,"Ground Nut"
"2017-2018",8.16,1.19,152,14,66,241,"Onion"
"2018-2019",7.9,1.14,198,13,78,298,"Turmeric"
"2018-2019",7.67,0.77,153,9,69,239,"Onion"
"2018-2019",8.09,2.66,193,11,78,293,"Turmeric"
"2018-2019",8.67,248,185,13,95,550,"Turmeric"
"2018-2019",7.32,0.66,178,9,69,264,"Turmeric"
"2018-2019",7.54,0.45,169,10,73,260,"Turmeric"
"2018-2019",7.66,0.9,186,12,81,288,"Turmeric"
"2018-2019",6.97,0.31,195,13,79,294,"Turmeric"
"2018-2019",7.57,1.46,19,9,61,98,"Ground Nut"
"2018-2019",7.36,16,115,8,59,205,"Sugar Cane"
"2018-2019",7.65,0.66,193,13,98,312,"Turmeric"
"2018-2019",765,0.66,100.1,19.9,43.6,929,"Turmeric"
"2018-2019",8.06,1.72,189,11,83,293,"Turmeric"
"2018-2019",5.8,1.84,153,8,65,234,"Grape"
"2018-2019",7.47,1.49,158,9,71,247,"Banana"
"2018-2019",11.26,1.37,189,11,81,294,"Turmeric"
"2018-2019",8,2.86,181,10,86,288,"Turmeric"
"2018-2019",7.39,0.81,168,10,8.6,195,"Ground Nut"
"2018-2019",7.96,6.3,161,10,86,271,"Turmeric"
"2018-2019",8.69,0.52,189,11,81,290,"Turmeric"
"2018-2019",10.57,0.17,158,8,69,246,"Banana"
"2018-2019",7.8,151,190,10,82,441,"Turmeric"
"2018-2019",8.48,0.9,189,10,79,287,"Turmeric"
"2018-2019",7.31,0.93,167,9,76,260,"Turmeric"
"2018-2019",9.15,1.04,189,11,81,291,"Turmeric"
"2018-2019",9.68,0.69,189,11,81,291,"Turmeric"
"2018-2019",9.91,2.21,198,13,96,319,"Turmeric"
"2018-2019",8.91,0.43,199,12,98,318,"Turmeric"
"2018-2019",7.42,0.95,187,11,85,291,"Turmeric"
"2018-2019",9.22,1.72,198,13,96,318,"Turmeric"
"2018-2019",8.07,0.53,196,11,87,303,"Turmeric"
"2018-2019",8.32,0.48,175,9,79,272,"Turmeric"
"2018-2019",8.1,1.67,187,12,88,297,"Turmeric"
"2018-2019",768,0.33,189,10,78,1045,"Turmeric"
"2018-2019",8.74,1.22,186,19.9,43.6,259,"Turmeric"
"2018-2019",7.99,0.9,194,13,84,300,"Turmeric"
"2018-2019",7.53,0.51,172,10,75,265,"Turmeric"
"2018-2019",7.97,0.52,175,10,79,272,"Turmeric"
"2018-2019",8.3,1.07,162,9,68,248,"Banana"
"2018-2019",7.84,1.36,179,12,77,277,"Turmeric"
"2018-2019",8.12,0.47,192,10,83,294,"Turmeric"
"2018-2019",8.62,0.24,198,13,82,302,"Turmeric"
"2018-2019",7,0.25,175,18,76,276,"Turmeric"
"2018-2019",8.44,0.28,182,12,83,286,"Turmeric"
"2018-2019",8.88,0.21,192,13,89,303,"Turmeric"
"2018-2019",7.36,0.23,179,12,93,292,"Turmeric"
"2018-2019",7.56,0.81,188,13,82,291,"Turmeric"
"2018-2019",8.76,0.79,191,12,91,304,"Turmeric"
"2018-2019",8.55,0.56,193,12,95,309,"Turmeric"
"2018-2019",8.68,0.09,181,8,78,276,"Turmeric"
"2018-2019",7.76,1.07,198,13,91,311,"Turmeric"
"2018-2019",8.74,0.17,188,12,82,291,"Turmeric"
"2018-2019",7.68,0.12,162,9,76,255,"Turmeric"
"2018-2019",7.77,0.08,181,12,83,284,"Turmeric"
"2018-2019",8.12,0.11,175,10,81,274,"Turmeric"
"2018-2019",7.81,3.77,196,13,86,307,"Turmeric"
"2018-2019",8.11,1.71,192,12,69,283,"Turmeric"
"2018-2019",7.89,83,173,13,62,339,"Turmeric"
"2018-2019",7.26,7.2,169,12,68,263,"Turmeric"
"2018-2019",7.74,0.26,165,8,71,252,"Turmeric"
"2018-2019",7.53,0.09,177,9,79,273,"Turmeric"
"2018-2019",6.78,0.1,187,10,72,276,"Turmeric"
"2018-2019",8.68,0.15,189,12,94,304,"Turmeric"
"2018-2019",8.98,0.35,168,9,84,270,"Turmeric"
"2018-2019",7.7,0.11,100.1,19.9,43.6,171,"Ground Nut"
"2018-2019",6.34,0.73,179,13,81,280,"Turmeric"
"2018-2019",8.05,0.11,188,10,79,285,"Turmeric"
"2018-2019",7.14,0.35,187,10,81,285,"Turmeric"
"2018-2019",7.78,0.34,189,13,92,302,"Turmeric"
"2018-2019",8.5,0.22,181,9,69,268,"Turmeric"
"2018-2019",7.37,0.24,163,8,61,240,"Onion"
"2018-2019",8.99,0.19,188,12,75,284,"Turmeric"
"2018-2019",7.5,0.13,169,9,72,258,"Turmeric"
"2018-2019",9.44,0.25,173,11,81,275,"Turmeric"
"2018-2019",7.63,0.2,169,9,78,264,"Turmeric"
"2018-2019",7.49,2.53,178,12,76,276,"Turmeric"
"2018-2019",9.23,0.08,183,13,83,288,"Turmeric"
"2018-2019",7.64,0.9,188,9,72,278,"Turmeric"
"2018-2019",9.6,0.11,175,10,87,282,"Turmeric"
"2018-2019",7.63,0.19,169,8,82,267,"Turmeric"
"2018-2019",8.63,0.55,182,11,83,285,"Turmeric"
"2018-2019",2.72,0.6,189,10,89,291,"Turmeric"
"2018-2019",8.12,0.15,163,8,68,247,"Banana"
"2018-2019",8.54,0.13,169,9,72,259,"Turmeric"
"2018-2019",9.37,0.18,175,10,69,264,"Turmeric"
"2019-2020",8.13,0.12,184,13,76,281,"Turmeric"
"2019-2020",8.45,0.31,169,12,61,251,"Turmeric"
"2019-2020",822,0.46,182,11,64,1079,"Turmeric"
"2019-2020",8.4,0.2,164,7,51,231,"Grape"
"2019-2020",8.25,0.15,158,8,49,223,"Grape"
"2019-2020",8.09,0.5,162,9,74,254,"Turmeric"
"2019-2020",8.13,13,174,12,81,288,"Turmeric"
"2019-2020",7.64,0.39,164,1,69,242,"Onion"
"2019-2020",7.24,0.05,156,8,51,222,"Grape"
"2019-2020",8.9,0.06,187,11,69,276,"Turmeric"
"2019-2020",8.41,0.15,181,13,78,281,"Turmeric"
"2019-2020",8.14,0.11,194,12,88,302,"Turmeric"
"2019-2020",7.31,0.23,154,7,68,237,"Onion"
"2019-2020",8.15,0.43,169,8,72,258,"Turmeric"
"2019-2020",8.07,0.12,139,7,49,203,"Sugar Cane"
"2019-2020",7.28,0.26,148,8,57,221,"Grape"
"2019-2020",8.36,0.1,154,7,6,175,"Ground Nut"
"2019-2020",7.7,0.13,172,10,78,268,"Turmeric"
"2019-2020",7.31,0.07,1.81,12,92,113,"Ground Nut"
"2019-2020",7.33,0.08,189,11,81,288,"Turmeric"
"2019-2020",7.465,0.13,164,8,49,229,"Grape"
"2019-2020",8.1,0.19,110,5,116,239,"Onion"
"2019-2020",8.1,0.19,110,5,116,239,"Onion"
"2019-2020",7.48,0.7,189,80,0.2,277,"Turmeric"
"2019-2020",8.1,1.08,100.1,19.9,43.6,173,"Ground Nut"
"2019-2020",8.24,0.24,162,7,48,225,"Grape"
"2019-2020",7.74,0.32,149,8,62,227,"Grape"
"2019-2020",8.1,0.09,158,8,69,243,"Onion"
"2019-2020",7.51,149,8,81,0.87,246,"Banana"
"2019-2020",7.83,0.13,181,10,87,286,"Turmeric"
"2019-2020",7.15,0.009,164,8,68,247,"Banana"
"2019-2020",7.85,0.91,100.1,19.9,43.6,172,"Ground Nut"
"2019-2020",7.4,0.85,100.1,19.9,43.6,172,"Ground Nut"
"2019-2020",8.11,0.55,78,13,84,184,"Ground Nut"
"2019-2020",8.12,0.81,178,13,54,254,"Turmeric"
"2019-2020",8.21,8.86,162,8,48,235,"Grape"
"2019-2020",7.59,0.84,184,12,91,295,"Turmeric"
"2019-2020",8.47,0.14,178,11,81,279,"Turmeric"
"2019-2020",7.59,0.64,100.1,19.9,43.6,172,"Ground Nut"
"2019-2020",7.48,0.89,100.1,19.9,43.6,172,"Ground Nut"
"2019-2020",7.87,1.32,100.1,19.9,43.6,173,"Ground Nut"
"2019-2020",7.59,0.92,100.1,19.9,43.6,172,"Ground Nut"
"2019-2020",7.87,0.35,195,13,86,302,"Turmeric"
"2019-2020",7.81,4.52,185,13,87,297,"Turmeric"
"2019-2020",7.91,0.04,189,12,81,290,"Turmeric"
"2019-2020",7.5,0.11,194,13,74,289,"Turmeric"
"2019-2020",7.47,0.13,179,14,88,289,"Turmeric"
"2019-2020",18.6,7.2,100.1,19.9,43.6,189,"Ground Nut"
"2019-2020",8.06,1.08,172,17,96,294,"Turmeric"
"2019-2020",8.01,1.04,100.1,19.9,43.6,173,"Ground Nut"
"2019-2020",7.8,0.912,164,13,68,254,"Turmeric"
"2019-2020",8.03,1.08,100.1,19.9,43.6,173,"Ground Nut"
"2019-2020",7.95,0.981,161,14,61,245,"Banana"
"2019-2020",8.06,1.04,100.1,19.9,43.6,173,"Ground Nut"
"2019-2020",7.92,1.04,171,15,38,233,"Grape"
"2019-2020",7.92,0.926,142,12,41,204,"Sugar Cane"
"2019-2020",7.95,0.832,100.1,19.9,43.6,172,"Ground Nut"
"2019-2020",7.59,0.958,100.1,19.9,43.6,172,"Ground Nut"
"2019-2020",8.06,1.9,164,15,92,281,"Turmeric"
"2019-2020",7.99,1.02,100.1,19.9,43.6,173,"Ground Nut"
"2019-2020",8.21,1.48,100.1,19.9,43.6,173,"Ground Nut"
"2019-2020",18.6,7.2,175,14,68,283,"Turmeric"
"2019-2020",7.75,0.968,152,14,38,213,"Sugar Cane"
"2019-2020",7.72,0.918,100.1,19.9,43.6,172,"Ground Nut"
"2019-2020",7.97,1.06,172,14,68,263,"Turmeric"
"2019-2020",7.8,1.04,100.1,19.9,43.6,172,"Ground Nut"
"2019-2020",7.95,0.918,100.1,19.9,43.6,172,"Ground Nut"
"2019-2020",8.14,1.01,171,17,95,292,"Turmeric"
"2019-2020",8.12,1.14,100.1,144,1,254,"Turmeric"
"2019-2020",3,124,100.1,19.9,43.6,291,"Turmeric"
"2019-2020",8.03,1.03,100.1,19.9,43.6,173,"Ground Nut"
"2019-2020",8.14,1.01,100.1,171,17,297,"Turmeric"
"2019-2020",7.96,1.06,100.1,19.9,43.6,173,"Ground Nut"
"2019-2020",8.12,1.14,100.1,144,17,270,"Turmeric"
"2019-2020",8.03,1.08,100.1,19.9,43.6,173,"Ground Nut"
"2019-2020",8.03,1.18,100.1,171,14,294,"Turmeric"
"2019-2020",8.03,1.08,100.1,19.9,43.6,173,"Ground Nut"
"2019-2020",7.98,124,100.1,172,146,550,"Turmeric"
"2019-2020",8.06,1.8,100.1,19.9,43.6,173,"Ground Nut"
"2019-2020",7.98,1.04,100.1,172,146,427,"Turmeric"
"2019-2020",8.06,1.8,100.1,19.9,43.6,173,"Ground Nut"
"2019-2020",8.08,1.08,100.1,162,16,287,"Turmeric"
"2019-2020",8.06,1.09,100.1,172,12,293,"Turmeric"
"2019-2020",0.81,0.599,100.1,19.9,43.6,165,"Ground Nut"
"2019-2020",7.91,0.835,100.1,19.9,43.6,172,"Ground Nut"
"2019-2020",7.95,0.968,100.1,131,14,254,"Turmeric"
"2019-2020",7.78,0.896,100.1,19.9,43.6,172,"Ground Nut"
"2019-2020",7.81,0.583,100.1,169,15,292,"Turmeric"
"2019-2020",7.69,0.596,100.1,19.9,43.6,172,"Ground Nut"
"2019-2020",7.52,0.642,100.1,142,14,264,"Turmeric"
"2019-2020",7.78,0.819,100.1,19.9,43.6,172,"Ground Nut"
"2019-2020",7.88,1.02,100.1,171,15,295,"Turmeric"
"2019-2020",7.96,1.02,100.1,19.9,43.6,173,"Ground Nut"
"2019-2020",8.01,1.08,100.1,19.9,43.6,173,"Ground Nut"
"2019-2020",7.72,0.624,100.1,161,14,283,"Turmeric"
"2019-2020",7.99,1.01,100.1,19.9,43.6,173,"Ground Nut"
"2019-2020",7.81,0.924,100.1,161,14,284,"Turmeric"
"2019-2020",7.83,0.592,100.1,141,14,264,"Turmeric"
"2019-2020",7.96,0.952,100.1,19.9,43.6,173,"Ground Nut"
"2019-2020",8,1.04,100.1,164,15,288,"Turmeric"
"2019-2020",7.99,1.02,100.1,19.9,43.6,173,"Ground Nut"
"2019-2020",8,1.02,100.1,19.9,43.6,173,"Ground Nut"
"2019-2020",8.6,1.04,100.1,169,14,293,"Turmeric"
"2019-2020",8.11,1.1,100.1,172,17,298,"Turmeric"
"2019-2020",7.75,0.392,100.1,152,14,274,"Turmeric"
"2019-2020",7.64,0.956,100.1,19.9,43.6,172,"Ground Nut"
"2019-2020",7.71,0.952,100.1,19.9,43.6,172,"Ground Nut"
"2019-2020",7.81,0.749,100.1,162,129,400,"Turmeric"
"2019-2020",7.99,1.02,100.1,19.9,43.6,173,"Ground Nut"
"2019-2020",7.95,0.981,100.1,19.9,43.6,173,"Ground Nut"
"2019-2020",8.09,1.08,100.1,19.9,43.6,173,"Ground Nut"
"2019-2020",7.68,0.952,100.1,19.9,43.6,172,"Ground Nut"
"2019-2020",8.02,0.952,100.1,172,15,296,"Turmeric"
"2019-2020",7.83,0.896,100.1,149,12,270,"Turmeric"
"2019-2020",7.71,0.42,100.1,152,12,272,"Turmeric"
"2019-2020",7.95,0.99,100.1,19.9,43.6,173,"Ground Nut"
"2019-2020",8.14,1.28,100.1,164,14,288,"Turmeric"
"2019-2020",8.84,1.42,100.1,19.9,43.6,174,"Ground Nut"
"2019-2020",7.98,1.01,100.1,19.9,43.6,173,"Ground Nut"
"2019-2020",8.14,1.28,100.1,164,14,288,"Turmeric"
"2019-2020",8.84,1.42,100.1,19.9,43.6,174,"Ground Nut"
"2019-2020",7.68,0.952,100.1,153,14,276,"Turmeric"
"2019-2020",8.14,1.28,100.1,164,14,288,"Turmeric"
"2019-2020",7.68,0.952,100.1,153,14,276,"Turmeric"
"2019-2020",7.81,0.964,100.1,172,14,295,"Turmeric"
"2019-2020",8.18,1.12,100.1,171,18,298,"Turmeric"
"2019-2020",8.01,1.04,100.1,19.9,43.6,173,"Ground Nut"
"2019-2020",7.77,1.01,100.1,178,16,303,"Turmeric"
"2019-2020",8.21,7.29,100.1,173,15,304,"Turmeric"
"2019-2020",7.91,1.854,100.1,142,14,266,"Turmeric"
"2019-2020",7.95,1.1,100.1,164,14,287,"Turmeric"
"2019-2020",7.99,1.02,100.1,19.9,43.6,173,"Ground Nut"
"2019-2020",7.83,0.9211,100.1,136,13,258,"Turmeric"
